[
  {
    "model": "blog.category",
    "pk": 1,
    "fields": {
      "name": "Sports"
    }
  },
  {
    "model": "blog.category",
    "pk": 2,
    "fields": {
      "name": "Politics"
    }
  },
  {
    "model": "blog.category",
    "pk": 3,
    "fields": {
      "name": "Entertainment"
    }
  },
  {
    "model": "blog.category",
    "pk": 4,
    "fields": {
      "name": "Gaming"
    }
  },
  {
    "model": "blog.category",
    "pk": 5,
    "fields": {
      "name": "Films & Series"
    }
  },
  {
    "model": "blog.category",
    "pk": 6,
    "fields": {
      "name": "Comp Sci"
    }
  },
  {
    "model": "blog.post",
    "pk": 1,
    "fields": {
      "title": "Maecenas tempor",
      "text": "Duis auctor tellus id ornare feugiat. Nullam commodo dignissim dolor vel egestas. Mauris lobortis nec est a ultricies. Sed euismod varius odio. Vivamus leo lectus, pellentesque eu congue quis, eleifend id odio. Ut malesuada eros eget enim cursus dignissim eu id metus. Pellentesque habitant morbi tristique senectus et netus et malesuada fames ac turpis egestas.",
      "image": "images/pexels-anjana-c-674010.jpg",
      "category": 3,
      "owner": 2,
      "date_created": "2022-08-16T06:33:14.592Z"
    }
  },
  {
    "model": "blog.post",
    "pk": 2,
    "fields": {
      "title": "Suspendisse varius",
      "text": "Vivamus aliquam lacus in sem bibendum ultricies nec nec justo. Aenean luctus velit blandit nulla pharetra, non pellentesque quam accumsan. Suspendisse varius nunc in massa convallis tempor.",
      "image": "images/Landscape-Color.jpg",
      "category": 6,
      "owner": 3,
      "date_created": "2022-08-16T06:31:23.250Z"
    }
  },
  {
    "model": "blog.post",
    "pk": 3,
    "fields": {
      "title": "Phasellus vitae",
      "text": "Fusce rhoncus molestie condimentum. Phasellus vitae imperdiet orci. Nulla facilisis viverra lorem sit amet varius. Phasellus in finibus libero. Morbi erat urna, accumsan ut molestie in, aliquam vitae mi. In tempus, tortor pharetra pretium cursus, arcu quam gravida tortor, sed feugiat nibh tellus vitae augue.",
      "image": "images/car_phone.png",
      "category": 3,
      "owner": 2,
      "date_created": "2022-08-16T06:30:42.455Z"
    }
  },
  {
    "model": "blog.post",
    "pk": 4,
    "fields": {
      "title": "Lorem ipsum dolor sit amet",
      "text": "itudin. Class aptent taciti sociosqu ad litora torquent per conubia nostra, per inceptos himenaeos. Proin id viverra augue, at euismod purus. Nam sapien enim, hendrerit eget t",
      "image": "images/uranus_sqr.jpg",
      "category": 3,
      "owner": 3,
      "date_created": "2022-08-15T15:00:57.031Z"
    }
  },
  {
    "model": "blog.post",
    "pk": 5,
    "fields": {
      "title": "Alea iacta est",
      "text": "Ilitora torquent per nulla facilisis viverra lorem sit amet varius. Proin id viverra augue, at euismod purus. Nam sapien enean luctus velit blandit ",
      "image": "images/junction.jpeg",
      "category": 2,
      "owner": 3,
      "date_created": "2022-08-15T15:00:57.031Z"
    }
  },
  {
    "model": "blog.comment",
    "pk": 1,
    "fields": {
      "title": "Phasus etnicus",
      "text": "Fusce rhoncus molestie condimentum. Phasellus vitae imperdiet orci. Nulla facilisis viverra lorem sit amet varius. Phasellus in finibus libero. Morbi erat urna, accumsan ut molestie in, aliquam vitae mi. In tempus, tortor pharetra pretium cursus, arcu quam gravida tortor, sed feugiat nibh tellus vitae augue.",
      "post": 2,
      "owner": 1
    }
  },
  {
    "model": "blog.comment",
    "pk": 2,
    "fields": {
      "title": "Augue blandit.",
      "text": "Donec nec ullamcorper quam, non lobortis enim. Vestibulum aliquam venenatis ipsum nec vehicula. Nunc vehicula urna arcu, id efficitur nisl vehicula nec. Curabitur dignissim, nunc eu tempor convallis, lorem erat congue arcu, quis ullamcorper elit lectus blandit ex. Nullam dignissim sem ac nisi venenatis",
      "post": 2,
      "owner": 1
    }
  },
  {
    "model": "blog.comment",
    "pk": 3,
    "fields": {
      "title": "Vasus ca",
      "text": "Aliquam luctus tellus ut augue vehicula, in tincidunt dui cursus. Suspendisse tincidunt nunc eget aliquet ornare. Praesent cursus metus dolor, at fermentum sapien lacinia quis. Suspendisse potenti. Morbi ultrices finibus turpis, non tincidunt tellus volutpat vitae. Sed dui mi, rhoncus at condimentum quis, efficitur lacinia erat.",
      "post": 1,
      "owner": 1
    }
  },
  {
    "model": "blog.commentlike",
    "pk": 1,
    "fields": {
      "comment": 1,
      "user": 1
    }
  },
  {
    "model": "blog.commentlike",
    "pk": 2,
    "fields": {
      "comment": 2,
      "user": 1
    }
  },
  {
    "model": "blog.commentlike",
    "pk": 3,
    "fields": {
      "comment": 1,
      "user": 1
    }
  },
  {
    "model": "blog.commentlike",
    "pk": 4,
    "fields": {
      "comment": 1,
      "user": 1
    }
  },
  {
    "model": "blog.postlike",
    "pk": 1,
    "fields": {
      "post": 2,
      "user": 1
    }
  },
  {
    "model": "blog.postlike",
    "pk": 2,
    "fields": {
      "post": 3,
      "user": 1
    }
  },
  {
    "model": "blog.postlike",
    "pk": 3,
    "fields": {
      "post": 4,
      "user": 1
    }
  },
  {
    "model": "blog.postlike",
    "pk": 4,
    "fields": {
      "post": 4,
      "user": 1
    }
  },
  {
    "model": "blog.postlike",
    "pk": 5,
    "fields": {
      "post": 4,
      "user": 1
    }
  },
  {
    "model": "blog.postlike",
    "pk": 6,
    "fields": {
      "post": 2,
      "user": 1
    }
  },
  {
    "model": "taggit.tag",
    "pk": 1,
    "fields": {
      "name": "lorem",
      "slug": "lorem"
    }
  },
  {
    "model": "taggit.tag",
    "pk": 2,
    "fields": {
      "name": "amet",
      "slug": "amet"
    }
  },
  {
    "model": "taggit.tag",
    "pk": 3,
    "fields": {
      "name": "ipsum",
      "slug": "ipsum"
    }
  },
  {
    "model": "taggit.tag",
    "pk": 4,
    "fields": {
      "name": "dolor",
      "slug": "dolor"
    }
  },
  {
    "model": "taggit.tag",
    "pk": 5,
    "fields": {
      "name": "sit",
      "slug": "sit"
    }
  },
  {
    "model": "taggit.tag",
    "pk": 6,
    "fields": {
      "name": "django",
      "slug": "django"
    }
  },
  {
    "model": "taggit.tag",
    "pk": 7,
    "fields": {
      "name": "php",
      "slug": "php"
    }
  },
  {
    "model": "taggit.tag",
    "pk": 8,
    "fields": {
      "name": "python",
      "slug": "python"
    }
  },
  {
    "model": "taggit.tag",
    "pk": 9,
    "fields": {
      "name": "css",
      "slug": "css"
    }
  },
  {
    "model": "taggit.tag",
    "pk": 10,
    "fields": {
      "name": "typescript",
      "slug": "typescript"
    }
  },
  {
    "model": "taggit.tag",
    "pk": 11,
    "fields": {
      "name": "js",
      "slug": "js"
    }
  },
  {
    "model": "taggit.tag",
    "pk": 12,
    "fields": {
      "name": "nature",
      "slug": "nature"
    }
  },
  {
    "model": "taggit.tag",
    "pk": 13,
    "fields": {
      "name": "photography",
      "slug": "photography"
    }
  },
  {
    "model": "taggit.taggeditem",
    "pk": 1,
    "fields": {
      "tag": 1,
      "content_type": 8,
      "object_id": 1
    }
  },
  {
    "model": "taggit.taggeditem",
    "pk": 2,
    "fields": {
      "tag": 2,
      "content_type": 8,
      "object_id": 1
    }
  },
  {
    "model": "taggit.taggeditem",
    "pk": 3,
    "fields": {
      "tag": 3,
      "content_type": 8,
      "object_id": 1
    }
  },
  {
    "model": "taggit.taggeditem",
    "pk": 4,
    "fields": {
      "tag": 4,
      "content_type": 8,
      "object_id": 1
    }
  },
  {
    "model": "taggit.taggeditem",
    "pk": 5,
    "fields": {
      "tag": 5,
      "content_type": 8,
      "object_id": 1
    }
  },
  {
    "model": "taggit.taggeditem",
    "pk": 6,
    "fields": {
      "tag": 1,
      "content_type": 8,
      "object_id": 2
    }
  },
  {
    "model": "taggit.taggeditem",
    "pk": 7,
    "fields": {
      "tag": 2,
      "content_type": 8,
      "object_id": 2
    }
  },
  {
    "model": "taggit.taggeditem",
    "pk": 8,
    "fields": {
      "tag": 3,
      "content_type": 8,
      "object_id": 2
    }
  },
  {
    "model": "taggit.taggeditem",
    "pk": 9,
    "fields": {
      "tag": 4,
      "content_type": 8,
      "object_id": 2
    }
  },
  {
    "model": "taggit.taggeditem",
    "pk": 10,
    "fields": {
      "tag": 5,
      "content_type": 8,
      "object_id": 2
    }
  },
  {
    "model": "taggit.taggeditem",
    "pk": 11,
    "fields": {
      "tag": 1,
      "content_type": 8,
      "object_id": 3
    }
  },
  {
    "model": "taggit.taggeditem",
    "pk": 12,
    "fields": {
      "tag": 2,
      "content_type": 8,
      "object_id": 3
    }
  },
  {
    "model": "taggit.taggeditem",
    "pk": 13,
    "fields": {
      "tag": 3,
      "content_type": 8,
      "object_id": 3
    }
  },
  {
    "model": "taggit.taggeditem",
    "pk": 14,
    "fields": {
      "tag": 4,
      "content_type": 8,
      "object_id": 3
    }
  },
  {
    "model": "taggit.taggeditem",
    "pk": 15,
    "fields": {
      "tag": 5,
      "content_type": 8,
      "object_id": 3
    }
  },
  {
    "model": "taggit.taggeditem",
    "pk": 16,
    "fields": {
      "tag": 8,
      "content_type": 8,
      "object_id": 4
    }
  },
  {
    "model": "taggit.taggeditem",
    "pk": 17,
    "fields": {
      "tag": 6,
      "content_type": 8,
      "object_id": 4
    }
  },
  {
    "model": "taggit.taggeditem",
    "pk": 18,
    "fields": {
      "tag": 7,
      "content_type": 8,
      "object_id": 4
    }
  },
  {
    "model": "taggit.taggeditem",
    "pk": 19,
    "fields": {
      "tag": 9,
      "content_type": 8,
      "object_id": 4
    }
  },
  {
    "model": "taggit.taggeditem",
    "pk": 20,
    "fields": {
      "tag": 10,
      "content_type": 8,
      "object_id": 4
    }
  },
  {
    "model": "taggit.taggeditem",
    "pk": 21,
    "fields": {
      "tag": 11,
      "content_type": 8,
      "object_id": 4
    }
  },
  {
    "model": "taggit.taggeditem",
    "pk": 22,
    "fields": {
      "tag": 12,
      "content_type": 8,
      "object_id": 4
    }
  },
  {
    "model": "taggit.taggeditem",
    "pk": 23,
    "fields": {
      "tag": 13,
      "content_type": 8,
      "object_id": 2
    }
  }
]
